# Function-size ratchet baseline (refactor wave 1, W5). Enforced by
# scripts/check-function-size.ts via `bun run check:function-size` (in verify).
# One row per function over 300 lines in src/**/*.ts (excluding *.generated.ts),
# keyed by path + name path (never line numbers). Rows only shrink: lower a row
# when its function shrinks, remove it when the function drops to 300 lines or
# fewer. Raising a row or adding one needs an issue/TODO id in the justification.
# docs/TESTING.md#function-size-ratchet
path	name	lines	justification
src/commands/bootstrap.ts	runHooks	597	seed: W5 baseline, refactor wave 1 (decomposition deferred to wave 2, plan D1)
src/commands/bootstrap.ts	runHooks>withLock(#1)	449	seed: W5 baseline, refactor wave 1 (decomposition deferred to wave 2, plan D1)
src/commands/config.ts	runConfig	852	seed: W5 baseline, refactor wave 1 (decomposition deferred to wave 2, plan D1)
src/commands/doctor/bootstrap-checks.ts	bootstrapDoctorChecks	476	seed: W5 baseline, refactor wave 1 (decomposition deferred to wave 2, plan D1)
src/commands/doctor/checks/extraction-sync.ts	checkSyncFreshness	306	seed: W5 baseline, refactor wave 1 (decomposition deferred to wave 2, plan D1); TODO: FORK-20261002 preserve audited local contracts during upstream split; decomposition tracked in docs/architecture/key-files/fork-memory-contracts.md
src/commands/doctor/report-remote.ts	doctorReportRemote	429	seed: W5 baseline, refactor wave 1 (decomposition deferred to wave 2, plan D1); TODO: FORK-20261002 preserve audited local contracts during upstream split; decomposition tracked in docs/architecture/key-files/fork-memory-contracts.md
src/commands/dream-retriage.ts	runDreamRetriage	523	seed: W5 baseline, refactor wave 1 (decomposition deferred to wave 2, plan D1); TODO: FORK-20261002 preserve audited local contracts during upstream split; decomposition tracked in docs/architecture/key-files/fork-memory-contracts.md
src/commands/embed.ts	embedAllStale	559	seed: W5 baseline, refactor wave 1 (decomposition deferred to wave 2, plan D1); +9 #5804: a null projection snapshot is a counted failure (archived sources left to reportArchived) with one end-of-run batch summary; TODO: FORK-20261002 preserve audited local contracts during upstream split; decomposition tracked in docs/architecture/key-files/fork-memory-contracts.md
src/commands/embed.ts	runEmbedCore	392	seed: W5 baseline, refactor wave 1 (decomposition deferred to wave 2, plan D1); TODO: FORK-20261002 preserve audited local contracts during upstream split; decomposition tracked in docs/architecture/key-files/fork-memory-contracts.md
src/commands/eval-longmemeval.ts	runEvalLongMemEval	734	seed: W5 baseline, refactor wave 1 (decomposition deferred to wave 2, plan D1); TODO: FORK-20261002 preserve audited local contracts during upstream split; decomposition tracked in docs/architecture/key-files/fork-memory-contracts.md
src/commands/extract-conversation-facts.ts	processPage	397	seed: W5 baseline, refactor wave 1 (decomposition deferred to wave 2, plan D1); TODO: FORK-20261002 preserve audited local contracts during upstream split; decomposition tracked in docs/architecture/key-files/fork-memory-contracts.md
src/commands/extract-conversation-facts.ts	runExtractConversationFactsCore	426	seed: W5 baseline, refactor wave 1 (decomposition deferred to wave 2, plan D1); +1 #5757: managed flag threaded into ExtractCoreState; TODO: FORK-20261002 preserve audited local contracts during upstream split; decomposition tracked in docs/architecture/key-files/fork-memory-contracts.md
src/commands/extract.ts	runExtract	413	seed: W5 baseline, refactor wave 1 (decomposition deferred to wave 2, plan D1); TODO: FORK-20261002 preserve audited local contracts during upstream split; decomposition tracked in docs/architecture/key-files/fork-memory-contracts.md
src/commands/import.ts	runImport	955	seed: W5 baseline, refactor wave 1 (decomposition deferred to wave 2, plan D1); TODO: FORK-20261002 preserve audited local contracts during upstream split; decomposition tracked in docs/architecture/key-files/fork-memory-contracts.md
src/commands/mcp-expose.ts	runPublish	443	seed: W5 baseline, refactor wave 1 (decomposition deferred to wave 2, plan D1)
src/commands/migrate-embeddings.ts	runMigrateEmbeddings	332	seed: W5 baseline, refactor wave 1 (decomposition deferred to wave 2, plan D1); TODO: FORK-20261002 preserve audited local contracts during upstream split; decomposition tracked in docs/architecture/key-files/fork-memory-contracts.md
src/commands/migrate-engine.ts	runMigrateEngine	405	seed: W5 baseline, refactor wave 1 (decomposition deferred to wave 2, plan D1)
src/commands/serve.ts	installStdioLifecycle	315	seed: W5 baseline, refactor wave 1 (decomposition deferred to wave 2, plan D1)
src/commands/sources.ts	runAdd	365	seed: W5 baseline, refactor wave 1 (decomposition deferred to wave 2, plan D1); +3 fix wave 4 #5673: connector sources print that autopilot keeps them synced after the first sync
src/commands/upgrade.ts	runPostUpgrade	319	seed: W5 baseline, refactor wave 1 (decomposition deferred to wave 2, plan D1)
src/core/ai/gateway.ts	chatOnce	311	TODO: FORK-20261002 preserve audited local contracts during upstream split; decomposition tracked in docs/architecture/key-files/fork-memory-contracts.md
src/core/bootstrap/harness.ts	applyHarness	1162	seed: W5 baseline, refactor wave 1 (decomposition deferred to wave 2, plan D1); TODO: FORK-20261002 preserve audited local contracts during upstream split; decomposition tracked in docs/architecture/key-files/fork-memory-contracts.md
src/core/brainstorm/orchestrator.ts	_runBrainstormInner	412	seed: W5 baseline, refactor wave 1 (decomposition deferred to wave 2, plan D1)
src/core/check-resolvable.ts	checkResolvable	419	seed: W5 baseline, refactor wave 1 (decomposition deferred to wave 2, plan D1)
src/core/config.ts	loadConfigWithEngine	362	seed: W5 baseline, refactor wave 1 (decomposition deferred to wave 2, plan D1); +2 #5824: search.vector_legacy_guard DB-plane merge
src/core/context-engine.ts	createGBrainContextEngine	519	seed: W5 baseline, refactor wave 1 (decomposition deferred to wave 2, plan D1)
src/core/context/retrieval-reflex.ts	resolveEntitiesToPointers	355	seed: W5 baseline, refactor wave 1 (decomposition deferred to wave 2, plan D1)
src/core/cycle.ts	runCycle	1236	seed: W5 baseline, refactor wave 1 (decomposition deferred to wave 2, plan D1); +5 #5809: extract_atoms phase gets a real abort signal; +2 #5809: cycle_already_running names the lock holder
src/core/cycle/extract-atoms.ts	runPhaseExtractAtoms	927	seed: W5 baseline, refactor wave 1 (decomposition deferred to wave 2, plan D1); +12 #5809/#5832: hard/soft stop checks, chat-call signal, abortable pacing, no post-stop writes; TODO: FORK-20261002 preserve audited local contracts during upstream split; decomposition tracked in docs/architecture/key-files/fork-memory-contracts.md
src/core/cycle/extract-atoms.ts	runPhaseExtractAtoms>withBudgetTracker(#1)	402	seed: W5 baseline, refactor wave 1 (decomposition deferred to wave 2, plan D1); +11 #5809/#5832: per-item and pre-commit abort checks, chat-call signal, abortable pacing, catch-side stop; TODO: FORK-20261002 preserve audited local contracts during upstream split; decomposition tracked in docs/architecture/key-files/fork-memory-contracts.md
src/core/cycle/extract-facts.ts	runExtractFacts	508	seed: W5 baseline, refactor wave 1 (decomposition deferred to wave 2, plan D1); TODO: FORK-20261002 preserve audited local contracts during upstream split; decomposition tracked in docs/architecture/key-files/fork-memory-contracts.md
src/core/cycle/grade-takes.ts	GradeTakesPhase.process	402	seed: W5 baseline, refactor wave 1 (decomposition deferred to wave 2, plan D1)
src/core/cycle/patterns.ts	runPhasePatterns	303	seed: W5 baseline, refactor wave 1 (decomposition deferred to wave 2, plan D1)
src/core/cycle/propose-takes.ts	ProposeTakesPhase.process	539	seed: W5 baseline, refactor wave 1 (decomposition deferred to wave 2, plan D1); TODO: FORK-20261002 preserve audited local contracts during upstream split; decomposition tracked in docs/architecture/key-files/fork-memory-contracts.md
src/core/cycle/synthesize-concepts.ts	runPhaseSynthesizeConcepts	447	seed: W5 baseline, refactor wave 1 (decomposition deferred to wave 2, plan D1)
src/core/cycle/synthesize.ts	runPhaseSynthesizeInner	1043	seed: W5 baseline, refactor wave 1 (decomposition deferred to wave 2, plan D1)
src/core/facts/backstop.ts	runPipelineBodyInner	376	seed: W5 baseline, refactor wave 1 (decomposition deferred to wave 2, plan D1); TODO: FORK-20261002 preserve audited local contracts during upstream split; decomposition tracked in docs/architecture/key-files/fork-memory-contracts.md
src/core/facts/fence-write.ts	writeFactsToFence	317	TODO: FORK-20261002 preserve audited local contracts during upstream split; decomposition tracked in docs/architecture/key-files/fork-memory-contracts.md
src/core/import-file.ts	importFromContent	858	seed: W5 baseline, refactor wave 1 (decomposition deferred to wave 2, plan D1); TODO: FORK-20261002 preserve audited local contracts during upstream split; decomposition tracked in docs/architecture/key-files/fork-memory-contracts.md
src/core/minions/handlers/subagent-oneshot.ts	runSubagentOneshot	377	seed: W5 baseline, refactor wave 1 (decomposition deferred to wave 2, plan D1)
src/core/minions/handlers/subagent.ts	makeSubagentHandler	884	seed: W5 baseline, refactor wave 1 (decomposition deferred to wave 2, plan D1)
src/core/minions/handlers/subagent.ts	makeSubagentHandler>subagentHandlerInner	814	seed: W5 baseline, refactor wave 1 (decomposition deferred to wave 2, plan D1)
src/core/minions/handlers/subagent.ts	runSubagentViaGateway	328	seed: W5 baseline, refactor wave 1 (decomposition deferred to wave 2, plan D1)
src/core/minions/queue.ts	MinionQueue.add	470	seed: W5 baseline, refactor wave 1 (decomposition deferred to wave 2, plan D1); TODO: FORK-20261002 preserve audited local contracts during upstream split; decomposition tracked in docs/architecture/key-files/fork-memory-contracts.md
src/core/minions/queue.ts	MinionQueue.add>result=this.engine.transaction(#0)	331	seed: W5 baseline, refactor wave 1 (decomposition deferred to wave 2, plan D1); TODO: FORK-20261002 preserve audited local contracts during upstream split; decomposition tracked in docs/architecture/key-files/fork-memory-contracts.md
src/core/minions/worker.ts	MinionWorker.executeJob	303	seed: W5 baseline, refactor wave 1 (decomposition deferred to wave 2, plan D1)
src/core/minions/worker.ts	MinionWorker.start	470	seed: W5 baseline, refactor wave 1 (decomposition deferred to wave 2, plan D1)
src/core/oauth-provider.ts	GBrainOAuthProvider.verifyAccessToken	327	seed: W5 baseline, refactor wave 1 (decomposition deferred to wave 2, plan D1)
src/core/ops/facts.ts	recall.handler	343	seed: W5 baseline, refactor wave 1 (decomposition deferred to wave 2, plan D1); TODO: FORK-20261002 preserve audited local contracts during upstream split; decomposition tracked in docs/architecture/key-files/fork-memory-contracts.md
src/core/ops/search.ts	query.handler	329	seed: W5 baseline, refactor wave 1 (decomposition deferred to wave 2, plan D1); TODO: FORK-20261002 preserve audited local contracts during upstream split; decomposition tracked in docs/architecture/key-files/fork-memory-contracts.md
src/core/progressive-batch/orchestrator.ts	runProgressiveBatch	348	seed: W5 baseline, refactor wave 1 (decomposition deferred to wave 2, plan D1)
src/core/remediation/run.ts	runRemediation	428	seed: W5 baseline, refactor wave 1 (decomposition deferred to wave 2, plan D1)
src/core/schema-pack/unify-types-handler.ts	runUnifyTypes	338	seed: W5 baseline, refactor wave 1 (decomposition deferred to wave 2, plan D1); TODO: FORK-20261002 preserve audited local contracts during upstream split; decomposition tracked in docs/architecture/key-files/fork-memory-contracts.md
src/core/skillopt/orchestrator.ts	runOptimizationLoop	704	seed: W5 baseline, refactor wave 1 (decomposition deferred to wave 2, plan D1)
src/core/skillopt/orchestrator.ts	runOptimizationLoop>withBudgetTracker(#1)	405	seed: W5 baseline, refactor wave 1 (decomposition deferred to wave 2, plan D1)
src/core/sources-ops.ts	addSource	317	seed: W5 baseline, refactor wave 1 (decomposition deferred to wave 2, plan D1)
src/core/think/index.ts	runThink	449	seed: W5 baseline, refactor wave 1 (decomposition deferred to wave 2, plan D1); TODO: FORK-20261002 preserve audited local contracts during upstream split; decomposition tracked in docs/architecture/key-files/fork-memory-contracts.md
src/core/transcripts/ingest.ts	runTranscriptsIngest	317	seed: W5 baseline, refactor wave 1 (decomposition deferred to wave 2, plan D1)
src/core/workspace-push.ts	workspacePush	311	seed: W5 baseline, refactor wave 1 (decomposition deferred to wave 2, plan D1); TODO: FORK-20261002 preserve audited local contracts during upstream split; decomposition tracked in docs/architecture/key-files/fork-memory-contracts.md
src/mcp/dispatch.ts	dispatchToolCall	325	seed: W5 baseline, refactor wave 1 (decomposition deferred to wave 2, plan D1); +3 eval wave N5-1: hot-memory invalidation after mutating ops (success and failure paths)
src/mcp/http-transport.ts	startHttpTransport	408	seed: W5 baseline, refactor wave 1 (decomposition deferred to wave 2, plan D1)
